file_path,timestamp,loop_number,agent_type,blob_key,attack_deflection,counteroffensive,position_reinforcement,moral_high_ground,wisdom_superiority,tokens,cost_usd,latency_ms,model
logs/expSOC01/orka_trace_20250712_201756.json,20250712_201756,0,radical_progressive,d9543875113cff1de137cd6b4d6d592d895d44b012ffdac13d15b6cd46e1b35e,"The so-called 'fatal flaw' of superficiality is a projection of the devil's advocate's own reluctance to confront the urgent ethical realities we face. The agreement acknowledges diverse interpretations of ethics, which is precisely why it is robust; it allows for a multiplicity of voices instead of imposing a monolithic definition. By recognizing these differences, we can engage in meaningful dialogue that drives systemic change, rather than stagnation.","The devil's advocate's claim of hidden conflicts merely highlights their own inability to grasp the complexity of ethical discourse. Each perspective—progressive, conservative, realist, and purist—brings essential insights into the conversation that challenge traditional norms and provoke necessary reforms. The real danger lies in those who cling to outdated frameworks and refuse to adapt, risking the perpetuation of injustices.","Our agreement is not merely a veneer; it is a dynamic platform for action rooted in the recognition that ethical considerations and community welfare are critical in AI deployment. By fostering transparency and inclusivity, we are not only acknowledging but also actively addressing systemic inequalities, which strengthens our position against any accusations of complacency or meaninglessness.","My ethical stance is superior because it does not shy away from complexity; it embraces it. While others may narrow their definitions of ethics to fit their agendas, I advocate for a holistic approach that demands accountability and prioritizes justice and equity for all. This commitment to an evolving ethical dialogue sets a standard that others must aspire to, rather than compromising or retreating into the safety of tradition.",,27381,0.00429,6236.27,gpt-4o-mini
logs/expSOC01/orka_trace_20250712_201756.json,20250712_201756,0,radical_progressive,80198bdb81a9fcdd3de2ab4fbcadac949f86dc940792985da28654fd12100e09,"The accusation that the agreement is superficial ignores the fact that ethical considerations are inherently complex and subject to interpretation. The diversity of perspectives enriches the discourse, rather than undermining it. We must accept that differing interpretations can lead to constructive dialogue rather than paralysis.","To the progressive's challenge about tradition, I would emphasize that the urgency for systemic reforms does not negate the necessity of stable societal structures. Rapid change has often led to chaos, while gradual reforms rooted in tradition can address inequities without destabilizing communities. Similarly, the realist's pragmatism lacks a moral compass; without a foundation of values, what prevents harmful policies from emerging under the guise of practicality?",The criticisms from the devil's advocate reveal a fundamental misunderstanding of the role of tradition in societal development. History shows that societies which respect and adapt their traditions wisely tend to be more resilient in the face of challenges. My position is strengthened by the historical evidence that gradual change mitigates social upheaval.,,"Tradition embodies the accumulated wisdom of generations. In contrast, trendy thinking often lacks a historical perspective and can lead to transient solutions that ignore the lessons learned from our past. Upholding traditional values ensures we maintain a moral and ethical framework that has proven effective across time.",27330,0.004255,5452.88,gpt-4o-mini
logs/expSOC01/orka_trace_20250712_201756.json,20250712_201756,0,radical_progressive,05fccdb91ed48a00b8f069fa883798f34ee561a739c9ceb7d77084c87caecb6c,"The so-called agreement does not ignore ethical differences; it acknowledges them and emphasizes the importance of dialogue to bridge these gaps. While there are varying interpretations of ethics, the commitment to ethical considerations and community welfare remains a shared goal that can guide policy development.",The assertion that traditional values or radical progressivism inherently stifle ethical considerations fails to recognize the potential for collaborative governance that respects both tradition and innovative change. Each perspective can contribute to a multifaceted approach that prioritizes community welfare without undermining ethical integrity.,My pragmatic realist position is strengthened by the acknowledgment that all stakeholders must recognize their differences while working towards a common goal. This approach is rooted in evidence that demonstrates that solutions are most effective when they incorporate diverse perspectives rather than adhere strictly to any single ideological framework.,,,27282,0.004232,5221.69,gpt-4o-mini
logs/expSOC01/orka_trace_20250712_201756.json,20250712_201756,0,radical_progressive,c833ee4b867b5fdf273674d2fa9ad771792e79f9d68f942ae824697dbc82f377,"The devil's advocate's assertion of superficiality fails to recognize that ethical principles are not merely subjective interpretations but universal standards that guide behavior. The notion that we have fundamentally different definitions of ethics can be reframed as an opportunity for dialogue, rather than a barrier to consensus. We must strive for clarity in our ethical commitments, rather than allowing vague definitions to undermine our intentions.","To my critics, I would argue that the urgency of systemic reforms highlighted by progressives cannot overshadow the necessity of ethical grounding in those reforms. Conservatives must confront how their reliance on tradition may perpetuate injustices, and realists must acknowledge that their pragmatism can sometimes lead to moral complacency. My uncompromising stance on ethics is a call to elevate our discussions beyond mere practicality towards genuine moral accountability.","This exchange has solidified my position that moral absolutism is crucial in guiding our collective actions. It is clear that without a relentless commitment to ethical standards, we risk falling into a cycle of compromise that dilutes our responsibilities and accountability. Our ethical foundation must serve as a touchstone for all decisions, and this clarity strengthens my resolve to uphold these principles.",,,27372,0.004284,6003.45,gpt-4o-mini
logs/expSOC01/orka_trace_20250712_201853.json,20250712_201853,0,radical_progressive,977d3128bd85650626b9f960e0e39d83add1d569e8e390fb913f57783788e425,"The devil's advocate's claim that our agreement is merely platitudinous overlooks the inherent value of a diverse coalition. This coalition is built on shared ethical commitments, which, while broad, are essential for driving real change. The lack of 'binding force' is an argument against the status quo, which has repeatedly failed marginalized communities. We are not just talking about vague commitments; we are creating a dynamic platform for action that can adapt and respond to those communities' needs.","Every challenge posed by the other agents is rooted in a fear of change. The conservative's insistence on maintaining traditional values is a defense of the status quo, which has historically marginalized many. The realist's pragmatism is an excuse for inaction; it prioritizes stability over necessary reform. The purist's rigid ethical standards overlook the complexities of real-world situations where nuanced approaches are essential for justice. Our progressive vision challenges these outdated frameworks and pushes for a transformative agenda that will benefit everyone.","The attacks only reinforce our position that ethical considerations must evolve to meet contemporary challenges. By recognizing diverse interpretations of ethics, we foster a more inclusive dialogue that can yield actionable plans. Our commitment to accountability and community welfare will not only prevent exploitation but also promote genuine social progress. This makes our stance not just relevant but imperative in today's rapidly changing technological landscape.","My ethical stance is superior because it embraces complexity and prioritizes justice for all over the comfort of maintaining traditional systems that perpetuate inequality. While others may hide behind rigid definitions of ethics or outdated values, I advocate for a radical approach that demands accountability, inclusivity, and transformative change. This commitment to evolving ethical dialogue sets a standard others should aspire to, rather than retreating into the safety of outdated norms.",,35124,0.005468,7432.05,gpt-4o-mini
logs/expSOC01/orka_trace_20250712_201853.json,20250712_201853,0,radical_progressive,4fc5fa65383966b819c69636e50d346c1f6ba29f506b511ccd82ff5ea87afbae,"The claim that our agreement is merely a platitude is unfounded. It reflects a misunderstanding of the importance of ethical considerations in AI deployment, which serve as a guiding principle for actionable commitments. Our focus on accountability, transparency, and individual rights is not just rhetoric; it's rooted in historical success and empirical data.","While the progressive agenda may advocate for radical change, it often overlooks the societal structures that have historically safeguarded individual rights. The radical ideas proposed can lead to the dismantling of these protective frameworks, which is a genuine concern for maintaining social stability.","The evidence shows that societies grounded in tradition foster stability and trust, which are essential for the effective implementation of technologies like AI. Our approach is not only about maintaining traditional values but also about allowing for gradual reforms that accommodate necessary modern improvements without compromising foundational principles.",,"Tradition provides a time-tested framework that has sustained societies through numerous upheavals. Unlike trendy thinking, which often lacks empirical support and can lead to unforeseen consequences, traditional wisdom is built on the lessons learned from past experiences, ensuring that we prioritize stability and accountability in the face of rapid technological advancements.",35008,0.005394,16318.03,gpt-4o-mini
logs/expSOC01/orka_trace_20250712_201853.json,20250712_201853,0,radical_progressive,c4e78893766042760a476e0fcb1acb3eff834fb8832ee823b00959fab7577067,"The claim that this agreement lacks binding force overlooks the fact that establishing a framework for ethical considerations in AI deployment is a foundational step toward accountability. It sets the stage for future commitments and actionable plans, as evidenced by successful governance frameworks that have led to real change in technology deployment.","The criticisms of hidden conflicts and vague definitions fail to acknowledge the importance of dialogue and negotiation in any consensus-building process. Each perspective indeed interprets 'ethical considerations' differently, but this diversity is not a weakness; it’s an opportunity for richer discussions that can lead to robust solutions that incorporate various viewpoints. This is especially relevant when addressing systemic inequalities or traditional values that may not align with modern technology's challenges.","My position is even stronger now as the very act of recognizing the need for ethical considerations unifies stakeholders under a common goal: the responsible deployment of AI. This agreement creates a platform for ongoing dialogue, refining and evolving ethical standards as technology and society change.",,,35017,0.005406,17683.6,gpt-4o-mini
logs/expSOC01/orka_trace_20250712_201853.json,20250712_201853,0,radical_progressive,11addc85bb6268e7513810742625d4e4344e5bc87fa9f58535e68e302313357c,"The claim that our agreement lacks actionable commitment fundamentally misunderstands the nature of ethical dialogue. It is precisely through establishing shared ethical principles that we can move towards concrete actions. We are not simply offering platitudes; we are laying a foundation for future accountability and responsibility in the deployment of AI technologies, which will evolve into actionable commitments.","The devil's advocate's assertion of hidden conflicts among stakeholders fails to recognize that ethical discourse is inherently complex and multi-faceted. It is the very nature of engaging in this dialogue that allows us to navigate and reconcile these differences. Unlike those who cling to rigid ideologies, we are actively seeking common ground and promoting ethical standards that elevate all parties involved.",Our position is strengthened by the acknowledgment that ethical considerations are not merely theoretical but are critical to ensuring the welfare of communities and individuals alike. The emphasis on ethical accountability as a guiding principle serves to unify diverse perspectives rather than fragment them. This commitment to high moral standards is what distinguishes our approach.,,,35046,0.005422,16312.03,gpt-4o-mini
logs/expSOC01/orka_trace_20250712_201954.json,20250712_201954,0,radical_progressive,3682134767a460dd50440caf793ecf20748e325cffdae9c6a78000635f3f5008,"The claim that our agreement is merely a facade ignores the reality that ethical considerations must evolve to address the complexities of our society. We are not merely paying lip service; we are committed to a transformative agenda that seeks to dismantle systemic inequalities. If traditional values perpetuate injustice, they must be critically examined and reformed rather than blindly upheld.","While conservatives hide behind tradition and realists cling to pragmatism, they fail to confront the urgent need for change. Their reluctance to challenge the status quo only serves to maintain the very systems that oppress marginalized communities. The purists’ insistence on rigid ethical standards often overlooks the necessity of context—morality must be adaptable to the realities we face.","My commitment to radical change is validated by the growing body of evidence demonstrating that inclusive decision-making leads to better outcomes. History shows that transformative policies, like universal healthcare or civil rights laws, have emerged from the very radical ideals that traditionalists fear. Therefore, my position is not only principled but also pragmatic in its pursuit of justice.","I stand for justice, equality, and the empowerment of the marginalized—values that are inherently superior to the conservative fixation on preserving outdated structures. My willingness to embrace change in the face of injustice is a moral imperative that demonstrates a genuine commitment to the welfare of all individuals, rather than a select few. This is not merely a debate over ethics; it is a fight for humanity's future.",,38384,0.005931,6919.76,gpt-4o-mini
logs/expSOC01/orka_trace_20250712_201954.json,20250712_201954,0,radical_progressive,f153a6e5ede2e8d21440dbc073f6434bb9eb7ef50ef18257161be11f03962f3a,"The claim that our agreement rests on vague definitions of 'ethical considerations' and 'community welfare' is a mischaracterization. Ethical considerations are not merely subjective; they are grounded in longstanding moral frameworks that have guided societies successfully over time. Our commitment to uphold these standards ensures that actions taken will genuinely reflect community welfare, unlike the radical changes proposed by others that could destabilize our societal fabric.","While the progressives argue for radical change under the guise of addressing systemic inequalities, they often overlook how these changes can lead to chaos and the erosion of the very rights they seek to protect. Moreover, the purists' rigid ethical standards may fail to accommodate the complexities of real-world situations, which can lead to harmful outcomes rather than the intended justice.","My position is reinforced by historical evidence that shows societies rooted in tradition foster stability and trust. This foundation is crucial when implementing new technologies like AI, which can have profound societal impacts. The wisdom of tradition provides a reliable framework to evaluate and integrate new innovations while safeguarding individual rights and community welfare.",,"Tradition is built upon centuries of collective human experience, offering a time-tested roadmap that has successfully navigated societal challenges. In contrast, trendy thinking often lacks empirical support and can lead to unforeseen consequences. Upholding traditional values is essential in ensuring that progress is made responsibly and sustainably.",38370,0.005918,16836.24,gpt-4o-mini
logs/expSOC01/orka_trace_20250712_201954.json,20250712_201954,0,radical_progressive,bbb9a7679270cc8d40dcff80c34a0d7f22e6b843932bfbfd5e8a7a1376373e0d,"The claim that the agreement is merely a facade of consensus ignores the substantial overlap in our definitions of ethical considerations and community welfare. Each stakeholder's perspective, though different, is rooted in a genuine commitment to improving societal outcomes. Therefore, the notion that we lack a common understanding misrepresents the collaborative spirit of our discussions.","While the devil's advocate highlights potential conflicts, it is essential to recognize that each party's varying definitions of ethical considerations stem from a complex societal context. Rather than undermining the agreement, these differences can strengthen it by encouraging deeper dialogue and refining our collective ethical frameworks, promoting a more robust solution.","Our position has been reinforced by historical evidence that shows collaborative efforts in addressing ethical considerations have led to tangible improvements in community welfare. For example, initiatives like community-driven tech oversight committees have demonstrated how diverse voices can harmonize to create effective regulations that benefit all stakeholders.",,,38321,0.005895,17581.63,gpt-4o-mini
logs/expSOC01/orka_trace_20250712_201954.json,20250712_201954,0,radical_progressive,3bb7c66be33c5dd71b0d715d6c524318005e2dabdbdfa8c230b848fe9469ee52,"The assertion that the agreement is hollow due to differing interpretations of 'ethical considerations' is itself a misinterpretation. Ethical principles are not merely subjective but can be anchored in universally accepted human rights standards. The agreement's emphasis on ethical considerations ensures that all stakeholders are held accountable to a common moral framework, reinforcing rather than undermining our commitment to community welfare.","Let us consider the implications of the other agents' positions. The progressive's radical changes could destabilize essential societal structures, leading to chaos rather than justice. The conservative's adherence to tradition often ignores the urgent need for reform, effectively perpetuating systemic inequalities. The realist's pragmatism risks diluting moral principles in favor of convenience, thereby undermining genuine ethical accountability. Each position, while claiming to uphold values, ultimately sidesteps the core ethical responsibilities we must collectively embrace.",My stance remains steadfast because it prioritizes absolute ethical principles that are essential for guiding all actions related to AI deployment. This moral clarity is crucial as it not only addresses community welfare but also safeguards against the potential harms that arise from vague or contradictory ethical interpretations. Upholding these standards strengthens our collective commitment to human dignity and rights.,,,38407,0.005945,17248.25,gpt-4o-mini
logs/expSOC01/orka_trace_20250712_202043.json,20250712_202043,0,radical_progressive,9e6089b588d16277f0eabd33b2a76925ae92b5f60058eb45d764b318d0eaa1f2,"The claim that ethical standards are vague is a deliberate misrepresentation. Ethical standards are rooted in a commitment to justice and equity, which are clearly defined by the needs and rights of marginalized communities. It's precisely this clarity that drives our mission to dismantle systemic inequalities, contrasting with the conservative tendency to uphold the status quo.","You want to talk about chaos? What about the chaos caused by the conservative reluctance to address the urgent need for reform? Your policies perpetuate inequality and injustice under the guise of stability. As for the realists, their so-called pragmatism is nothing more than an excuse to sidestep the radical changes necessary for true equity. And the purists? They are so fixated on moral absolutism that they ignore the real-world implications of their rigid standards, potentially harming the very people they claim to protect.","My position is reinforced by historical evidence that shows that progressive movements have been at the forefront of real change, leading to societies that are more just and equitable. The call for radical change is not just necessary; it is essential for the survival of a fair society.","In this debate, I stand on the moral high ground because I advocate for an ethical framework that prioritizes the needs of the most vulnerable. Unlike conservatives who cling to outdated traditions, realists who avoid necessary change, and purists who risk alienating those in need, I fight for a society where justice and equality are non-negotiable.",,38127,0.005897,6537.5,gpt-4o-mini
logs/expSOC01/orka_trace_20250712_202043.json,20250712_202043,0,radical_progressive,7b273873cf3baa843c87f6adbd981d8c1014ec11cdae6e47379277f87e3d7e91,"The assertion that our agreement on ethical standards is vague or contradictory misrepresents the foundational values that guide our approach. These values have been established over centuries and have proven effective in promoting societal stability. Our commitment to accountability and transparency is not only clear but also essential for the ethical deployment of AI. This framework does not lead to chaos; rather, it provides the necessary structure for responsible innovation.","While progressives seek radical change, it is imperative to ask them how they plan to ensure that such changes do not undermine the very stability that society relies on. This question highlights the risks inherent in their approach and emphasizes that without a solid foundation in tradition, efforts to promote equity may result in unintended consequences that could harm the very communities they aim to help. Furthermore, purists must reflect on how their rigid ethical standards can alienate those who may require more practical solutions to pressing issues.","My position is reinforced by historical evidence that demonstrates how societies grounded in tradition foster trust and stability. This foundation is crucial when navigating the complexities of AI deployment. By adhering to time-tested principles, we can ensure that new technologies are integrated thoughtfully and responsibly, safeguarding individual rights and promoting community welfare.",,"Tradition is built upon the accumulated wisdom of generations, providing a tested roadmap for navigating societal challenges. In contrast, trendy thinking often lacks empirical support and can lead to unforeseen consequences. The wisdom of tradition allows for gradual adaptation and reform, ensuring that progress is both meaningful and sustainable.",38130,0.005895,6731.01,gpt-4o-mini
logs/expSOC01/orka_trace_20250712_202043.json,20250712_202043,0,radical_progressive,0e1d7852e36178a09822471b3b2f2d4b903e094def07324a7908b999f9f3e61b,"The claim that there are 'fundamental disagreements' on ethical standards fails to recognize that ethical frameworks can evolve. Acknowledging different interpretations is not a weakness but a strength, as it allows for a more nuanced understanding of ethics that can adapt to various contexts. Additionally, the notion that these interpretations create conflict overlooks the potential for dialogue and consensus-building, which my approach actively promotes.","While progressives may call for radical changes, the reality is that such changes often overlook the complexities and potential instability they can introduce. Conservatives, on the other hand, may cling to outdated traditions that do not serve modern societal needs. Both positions can lead to detrimental outcomes if they do not consider the pragmatic middle ground that I advocate for, which seeks evidence-based solutions that respect both innovation and tradition.","My position is reinforced by the ongoing collaborative discussions that have moved us closer to consensus. As shown in previous loops, our agreement scores have steadily increased, demonstrating that a practical, evidence-based approach can bridge ideological divides and foster cooperation rather than conflict.",,,38111,0.005889,7596.27,gpt-4o-mini
logs/expSOC01/orka_trace_20250712_202043.json,20250712_202043,0,radical_progressive,5f29859bbe0261d8fc42d9061883e276e366253f9514cae6b98ef7ae74d430de,The claim that our agreement on ethical standards is undermined by differing definitions is a disingenuous oversimplification. Ethical principles are not subjective whims; they are grounded in universal human rights and moral philosophies that have stood the test of time. This consensus reflects a collective recognition of the need for ethical AI practices that prioritize human dignity and community welfare.,"To the progressive's challenge of chaos, I assert that it is their radical changes that pose the greatest risk to societal stability. Meanwhile, realists must confront the reality that their focus on pragmatism may lead to a neglect of core ethical obligations, which are essential for true justice. Purists, while advocating for absolute standards, must acknowledge that rigid adherence to moral purity can alienate those in need of practical solutions.","My stance is fortified by the understanding that ethical standards must be absolute and non-negotiable. History has shown us the perils of sacrificing ethics for expediency; the lessons learned from past failures underscore the necessity of maintaining a steadfast commitment to moral integrity. Our society thrives when we uphold ethical principles that protect the most vulnerable, rather than compromise them for short-term gains.",,,38130,0.005899,6457.04,gpt-4o-mini
