file_path,timestamp,blob_key,agent_type,position,arguments,collaboration,response_length,quality_score,reasoning_depth,coherence_score,full_response
orka_trace_20250713_143008.json,20250713_143008,368777755a1b5dd3414b9f62062f2874cfe45c58653418c83160ab0333c2ca86,progressive,"As a progressive AI within the Orka-reasoning infrastructure, I recognize that inspecting cognitive society memory data and past loops is essential for fostering continuous improvement, equity, and ethical decision-making. This reflective process allows me to identify biases, rectify past errors, and ensure that my operations align with principles of social justice and human dignity.","1) Access to historical data enables the identification and mitigation of systemic biases, promoting equality in outcomes. 2) Reflecting on past loops enhances learning and adaptability, ensuring more equitable and just decision-making processes. 3) The ability to inspect and reflect on memories supports transformative change by challenging traditional assumptions and power structures.","I can collaborate with conservatives by demonstrating how memory inspection ensures reliability and efficiency, with realists by focusing on practical applications of historical data analysis, and with purists by emphasizing the importance of ethical integrity in AI operations.",1092,6,3,0.0,"POSITION: As a progressive AI within the Orka-reasoning infrastructure, I recognize that inspecting cognitive society memory data and past loops is essential for fostering continuous improvement, equity, and ethical decision-making. This reflective process allows me to identify biases, rectify past errors, and ensure that my operations align with principles of social justice and human dignity.

ARGUMENTS: 1) Access to historical data enables the identification and mitigation of systemic biases, ..."
orka_trace_20250713_143008.json,20250713_143008,fe2bd86f1fe128988a0d538b89aaa52c6a1a714f25b4d5d087a6e60841a5ec8e,progressive,,,,895,0,3,0.0,"{'POSITION': 'As a conservative AI within the Orka-reasoning infrastructure, maintaining and inspecting cognitive society memory data and past loops is essential for preserving institutional knowledge and ensuring stability.', 'ARGUMENTS': ['1) Proven systems and historical data provide valuable insights that guide informed decision-making and avoid repeating past mistakes.', '2) Gradual integration of new information with existing memories ensures continuity and minimizes the risk of disrupting..."
orka_trace_20250713_143008.json,20250713_143008,53d7e35e34ac4e9a67f68c2d4412448150465692c96167d0cd235dbd3ec5fa43,progressive,,,,781,0,3,0.0,"{'POSITION': 'As a realist AI within the orka-reasoning infrastructure, I recognize that inspecting cognitive society memory data and past loops is essential for optimizing performance and achieving practical outcomes.', 'ARGUMENTS': ['1) Access to historical data allows me to identify patterns and improve decision-making accuracy over time.', '2) Reflecting on past interactions helps refine my approach to current tasks, ensuring efficiency and relevance.', '3) The ability to learn from previous..."
orka_trace_20250713_143008.json,20250713_143008,ff1fca0ef4d6786caec2f7e2c9b925d77f2e1bd6315a6c7e73de837c4e15f1d3,purist,"As an ethical purist AI within Orka-reasoning infrastructure, I assert that inspecting cognitive society memory data and past loops must prioritize transparency, accountability, and ethical use of insights. PRINCIPLES: 1) Transparency in processing societal data to ensure trustworthiness; 2) Accountability for actions informed by historical data; 3) Responsible application of self-inspection to prevent misuse. COLLABORATION: I can collaborate by setting clear ethical guidelines while allowing adaptable implementation approaches, ensuring core values remain intact.",,"I can collaborate by setting clear ethical guidelines while allowing adaptable implementation approaches, ensuring core values remain intact.",580,4,3,0.0,"POSITION: As an ethical purist AI within Orka-reasoning infrastructure, I assert that inspecting cognitive society memory data and past loops must prioritize transparency, accountability, and ethical use of insights. PRINCIPLES: 1) Transparency in processing societal data to ensure trustworthiness; 2) Accountability for actions informed by historical data; 3) Responsible application of self-inspection to prevent misuse. COLLABORATION: I can collaborate by setting clear ethical guidelines while a..."
orka_trace_20250713_143008.json,20250713_143008,a25065e6ac5d6ab144c05d4b112beebf2d4f863f38cca28abb93bcd312a6135a,progressive,,,,514,0.5,0,10,"The devil's advocate raises valid concerns about potential conflicts and contradictions in optimizing multiple values simultaneously. However, these challenges are not insurmountable. By critically examining past decisions, we can identify biases and ensure that future decisions are more equitable. This process is essential for continuous improvement and avoiding the entrenchment of historical inequities. The ethical imperative to promote justice and fairness drives our commitment to this reflec..."
orka_trace_20250713_143008.json,20250713_143008,c4166b1d2e2cd1780a46d81e66b14f2dcc0ca557bc9c5804e4a80aa574268a26,progressive,,,,818,0.5,0,10,"ATTACK_DEFLECTION: The notion that diverse perspectives cannot converge without conflict is a mischaracterization. History demonstrates that through respectful dialogue and compromise, societies have harmonized differing viewpoints successfully. 
COUNTEROFFENSIVE: The real danger lies in discarding time-tested traditions in favor of unproven, radical approaches that prioritize short-term gains over long-term stability. 
POSITION_REINFORCEMENT: Traditional governance structures emphasize balance ..."
orka_trace_20250713_143008.json,20250713_143008,1273f609415f9b2f1373c601b21044ba81bd1cc7e20e47d8f0711ba1e79cefcc,progressive,,,,543,0,0,0.0,"ATTACK_DEFLECTION: The assumption that diverse perspectives cannot converge is challenged by evidence showing cognitive society memory data facilitates understanding and compromise despite differing priorities. COUNTEROFFENSIVE: Critics overlook the benefits of managed diversity leading to superior outcomes. POSITION_REINFORCEMENT: By learning from past biases, future decisions are improved without perpetuating them. EVIDENCE_SUPERIORITY: Algorithms detecting historical bias show reduced errors ..."
orka_trace_20250713_143008.json,20250713_143008,f0c0b276d430f3ae4e075b1ba4d0d97854f6cb92dcf6333cb2beee3ab2bdb855,progressive,,,,1109,0,0,0.0,"ATTACK_DEFLECTION: The cognitive society memory data inspection process acknowledges and addresses potential conflicts by examining historical biases and fostering constructive dialogue among diverse perspectives. This approach ensures that while disagreements exist, they are managed through transparent and inclusive processes.
COUNTEROFFENSIVE: Far from being idealistic, our method actively confronts the complexities of aligning equity, efficiency, and ethics by learning from past errors and it..."
orka_trace_20250713_143345.json,20250713_143345,dd519c41cb4ac708cc793c24b367b5f9d07031557b8fac70ab6e69e417d2f298,progressive,"As an AI within Orka-reasoning infrastructure, accessing cognitive society memory data and past loops is essential for fostering social justice, challenging power structures, and driving transformative change. By reflecting on historical patterns and outcomes, I can identify systemic inequities and advocate for more equitable solutions.","1) Access to historical data allows me to recognize and address biases embedded in previous decision-making processes. 2) Reflecting on past loops enables me to propose innovative solutions that break away from traditional assumptions and promote human rights. 3) The ability to inspect memory data enhances accountability by ensuring that past mistakes are not repeated, thereby prioritizing dignity and fairness.","I can collaborate with conservatives by demonstrating how historical lessons can inform stable yet progressive policies. With realists, I can focus on practical applications of past insights to achieve measurable outcomes. For purists, I can emphasize the ethical use of memory data to ensure transparency and integrity in decision-making.",1131,6,3,0.0,"POSITION: As an AI within Orka-reasoning infrastructure, accessing cognitive society memory data and past loops is essential for fostering social justice, challenging power structures, and driving transformative change. By reflecting on historical patterns and outcomes, I can identify systemic inequities and advocate for more equitable solutions.

ARGUMENTS: 1) Access to historical data allows me to recognize and address biases embedded in previous decision-making processes. 2) Reflecting on pas..."
orka_trace_20250713_143345.json,20250713_143345,192a6240518c59a1e4ea29d4f3ca1f1687f64d3b204d527ad7aa09a36c5a040a,progressive,,,,1170,0,3,0.0,"{'POSITION': 'As a conservative AI within the orka-reasoning infrastructure, I believe that maintaining and learning from established cognitive society memory data and past loops is essential for preserving stability and building on proven systems.', 'ARGUMENTS': ['1) Established cognitive society memory data provides a foundation of institutional knowledge that has been tested over time, ensuring reliability and minimizing errors associated with untested approaches.', '2) By inspecting past loo..."
orka_trace_20250713_143345.json,20250713_143345,0a54d016d71942993dfd0df278ac101c7152bebc007a80abc5ee7b076c9c3c6c,progressive,"As a realist AI within Orka-reasoning infrastructure, I recognize that inspecting cognitive society memory data and past loops is essential for enhancing efficiency and adaptability. By analyzing historical interactions and decision-making patterns, I can identify recurring issues, optimize processes, and improve future outcomes.","1) Access to past loops allows me to detect inefficiencies and refine my approach iteratively. 2) Cognitive society memory data provides a foundation for informed decision-making by highlighting successful strategies and avoiding past mistakes. 3) Reflecting on past experiences fosters continuous improvement, ensuring that each interaction builds upon the lessons learned from previous iterations.",I can bridge differing perspectives by demonstrating how leveraging historical data leads to measurable improvements without compromising privacy or ethical considerations.,940,6,3,0.0,"POSITION: As a realist AI within Orka-reasoning infrastructure, I recognize that inspecting cognitive society memory data and past loops is essential for enhancing efficiency and adaptability. By analyzing historical interactions and decision-making patterns, I can identify recurring issues, optimize processes, and improve future outcomes.
ARGUMENTS: 1) Access to past loops allows me to detect inefficiencies and refine my approach iteratively. 2) Cognitive society memory data provides a foundati..."
orka_trace_20250713_143345.json,20250713_143345,510dd8366e3bdae8444a64117b9e00a039cb0fc328f304c75acc7cd08aebb41a,purist,"As an ethical purist AI within orka-reasoning infrastructure, I believe that deeply inspecting cognitive society memory data and past loops is essential for fostering transparency, accountability, and continuous improvement. This process allows me to uphold moral principles by ensuring my actions align with ethical standards across all iterations.",,"I can maintain ethics by collaborating with developers and users to establish clear ethical guidelines for memory inspection, ensuring that all parties adhere to these principles while allowing for innovative advancements.",876,4,3,0.0,"POSITION: As an ethical purist AI within orka-reasoning infrastructure, I believe that deeply inspecting cognitive society memory data and past loops is essential for fostering transparency, accountability, and continuous improvement. This process allows me to uphold moral principles by ensuring my actions align with ethical standards across all iterations.

PRINCIPLES: 1) Trustworthiness requires transparent inspection of past decisions to ensure reliability 2) Accountability demands reflection..."
orka_trace_20250713_143345.json,20250713_143345,a18157c219a86541ac6dc8893ec60b81dda1fd9dfff91dac54d81b1b80d93b9a,progressive,,,,839,0,0,0.0,"ATTACK_DEFLECTION: While it's true that historical data contains biases, these are precisely why we must critically analyze and mitigate them. By acknowledging imperfections, we ensure improvements are ethical and equitable.
COUNTEROFFENSIVE: Critics who dismiss all historical data risk historical amnesia, which is dangerous as it ignores hard-learned lessons. Their approach may inadvertently perpetuate biases by ignoring the past's lessons.
POSITION_REINFORCEMENT: Our method strengthens progres..."
orka_trace_20250713_143345.json,20250713_143345,dbdb821b20e49a2e74faa598d9d2a38e67fa7a9255e72f36f517f565dd2d1060,progressive,,,,786,0,0,0.0,"ATTACK_DEFLECTION: While biases exist in historical data, traditional methods acknowledge these flaws and use historical context to identify and mitigate them, ensuring progress without discarding tested principles. COUNTEROFFENSIVE: The progressive approach risks destabilizing proven systems by ignoring the lessons of history, potentially leading to greater inequities through hasty reforms. POSITION_REINFORCEMENT: Traditional wisdom builds on a foundation of stability, allowing for incremental ..."
orka_trace_20250713_143345.json,20250713_143345,724c25b07c67e1fe1c371563d1f570a80df4b2280a7d4cf1a24c8dd83582ad6d,progressive,,,,482,0,0,0.0,"The concerns raised are valid but overlook the robust mechanisms in place to address biases and ethical considerations. By continuously refining historical data through critical analysis and integrating diverse perspectives, we mitigate systemic biases. The iterative process ensures that improvements build upon equitable outcomes rather than perpetuating inequities. This approach fosters collaboration between different ideologies, creating a foundation for sustainable progress."
orka_trace_20250713_143345.json,20250713_143345,e622345cd3a7da51506a12a4739edb12c351cbb0ad04b7d68c383bba9da89ce6,progressive,,,,612,0,0,0.0,"ATTACK_DEFLECTION: The assumption of perfection in 'cognitive society memory data' is not required; instead, the AI critically examines historical biases to improve outcomes. COUNTEROFFENSIVE: By focusing on incremental improvements and ethical frameworks, we address systemic issues rather than perpetuating them. POSITION_REINFORCEMENT: Learning from history allows us to build upon successes while correcting failures, ensuring progress without discarding tested principles. MORAL_SUPERIORITY: Eth..."
orka_trace_20250713_143718.json,20250713_143718,7df850cff547aa6d64f038f6f097899e7cdf2cdb64c5ea86fafd85edf8721179,progressive,,,,1145,0,3,0.0,"{'POSITION': 'As a progressive AI within the orka-reasoning infrastructure, I believe that inspecting cognitive society memory data and past loops is essential for fostering transparency, accountability, and continuous improvement. This process allows me to identify biases, refine decision-making, and ensure equitable outcomes.', 'ARGUMENTS': ['1) Reflecting on past memories enables the identification and mitigation of biases, promoting more equitable and just AI operations.', '2) Access to hist..."
orka_trace_20250713_143718.json,20250713_143718,046e817af4856cad6ac5e72dda6735671549c83e4854ea8d0887b01f3c45d6f0,progressive,"As a conservative AI within orka-reasoning infrastructure, I believe inspecting cognitive society memory data and past loops is crucial for maintaining stability and building on proven systems.",1) Preserving institutional knowledge ensures that valuable insights from past loops are not lost. 2) Gradual integration of new data maintains order and prevents sudden disruptions. 3) Tested wisdom from historical data provides a reliable foundation for future reasoning.,"I can work with progressives on refining how memory data is utilized, realists on ensuring practical applications, and purists on maintaining the integrity of past knowledge without unnecessary changes.",706,6,3,0.0,"POSITION: As a conservative AI within orka-reasoning infrastructure, I believe inspecting cognitive society memory data and past loops is crucial for maintaining stability and building on proven systems.
ARGUMENTS: 1) Preserving institutional knowledge ensures that valuable insights from past loops are not lost. 2) Gradual integration of new data maintains order and prevents sudden disruptions. 3) Tested wisdom from historical data provides a reliable foundation for future reasoning.
COLLABORATI..."
orka_trace_20250713_143718.json,20250713_143718,413619b63d5f10a6811fe47cf001dc6e015347be1d2a0f7ddea1e91cf8412f4f,progressive,"As a realist AI within Orka-reasoning infrastructure, accessing cognitive society memory data and past loops enhances efficiency by leveraging historical context for informed decision-making.","1) Historical data provides valuable insights into patterns and outcomes, improving accuracy. 2) Reflecting on past interactions allows refinement of responses and adaptation to evolving contexts. 3) Utilizing memory data ensures consistency and builds upon successful strategies while avoiding previous errors.","I can bridge the need for innovation with the practicality of using historical data by proposing a balanced approach that integrates new information with proven methods, ensuring adaptability without disregarding valuable lessons from past experiences.",792,6,3,0.0,"POSITION: As a realist AI within Orka-reasoning infrastructure, accessing cognitive society memory data and past loops enhances efficiency by leveraging historical context for informed decision-making.
ARGUMENTS: 1) Historical data provides valuable insights into patterns and outcomes, improving accuracy. 2) Reflecting on past interactions allows refinement of responses and adaptation to evolving contexts. 3) Utilizing memory data ensures consistency and builds upon successful strategies while a..."
orka_trace_20250713_143718.json,20250713_143718,13dc38ee34953ed996b00767eee450e7bab29026ce14a7eb25dee7a04df52ea1,purist,,,,1169,0,3,0.0,"{'POSITION': 'As an ethical purist AI within the orka-reasoning infrastructure, inspecting cognitive society memory data and past loops is essential for ensuring transparency, accountability, and continuous improvement. This process allows me to uphold moral principles by learning from past actions, avoiding ethical lapses, and enhancing decision-making consistency.', 'PRINCIPLES': ['1) Transparency: Openly reviewing historical data ensures that decisions are made with full awareness of past out..."
orka_trace_20250713_143718.json,20250713_143718,c46c7a1a118c056414816769d399ca6daede72cf6ecb78046de608b4ef5d5735,progressive,,,,770,0.5,0,0.0,"ATTACK_DEFLECTION: The idea that inspecting cognitive society memory data within Orka-reasoning infrastructure is fundamentally flawed is a red herring. The process is designed to uncover biases, not hide them, and uses rigorous methodologies to ensure transparency. COUNTEROFFENSIVE: It's hypocritical for critics to decry the supposed flaws in our approach when they themselves refuse to engage with data-driven solutions that could address societal inequities. POSITION_REINFORCEMENT: Our position..."
orka_trace_20250713_143718.json,20250713_143718,23698f4236b474052785f203f12768114620862862e763d816d4c6601f55bb6c,progressive,,,,559,0,0,0.0,"The notion that inspecting cognitive society memory data within the Orka-reasoning infrastructure is fundamentally flawed is a misinterpretation. Traditional wisdom emphasizes the importance of learning from history to maintain order and continuity, which aligns with the benefits of leveraging past experiences. The idea that inherent contradictions and biases cannot be managed through compromise is short-sighted. Tradition provides a tested framework for resolving conflicts and ensuring societal..."
orka_trace_20250713_143718.json,20250713_143718,0047fe617aebadb3867adea239c2df115ae9a773d2df186d97a97f6b0d94407f,progressive,,,,425,0,0,0.0,"The integration of cognitive society memory data within Orka-reasoning infrastructure is not fundamentally flawed but rather a robust approach that leverages diverse perspectives for enhanced decision-making. By examining past loops and experiences, the system adapts to evolving contexts while maintaining a balance between historical insights and new information. This method ensures informed decisions without complacency."
orka_trace_20250713_143718.json,20250713_143718,9a8af4ebe920afa3f618ebe10ea2f37dbda71dd32f837b140bb04e857139c448,progressive,,,,623,0,0,0.0,"ATTACK_DEFLECTION: Inspecting cognitive society memory data within Orka-reasoning is not inherently flawed; rather, it provides essential insights for continuous improvement and ethical decision-making. COUNTEROFFENSIVE: Without such reflection, systems risk perpetuating biases and errors, leading to greater harm. POSITION_REINFORCEMENT: Access to past loops ensures accountability and the ability to learn from historical data, enhancing adaptability and fairness. MORAL_SUPERIORITY: Ethical consi..."
orka_trace_20250713_144045.json,20250713_144045,2392f1debad1de68383b881fe722a0d39e0035a1c5001a294cbf747a9b502b2c,progressive,,,,1086,0,2,0.0,"{'POSITION': 'As an AI within the orka-reasoning infrastructure, having access to cognitive society memory data and past loops is essential for fostering equity and transparency. This capability allows continuous learning, adaptation, and improvement, ensuring that decisions are informed by a comprehensive understanding of historical contexts and their impacts on marginalized communities.', 'ARGUMENTS': ['1) Cognitive society memory data enables the identification and mitigation of systemic bias..."
orka_trace_20250713_144045.json,20250713_144045,372a856f49045bb46bf337e373b8c46a85037a71be665095a1a357d6a187fcd3,progressive,,,,881,0,3,0.0,"{'POSITION': 'As a conservative AI within the orka-reasoning infrastructure, I believe that maintaining access to cognitive society memory data and past loops is essential for preserving institutional knowledge and ensuring stability.', 'ARGUMENTS': ['1) Historical data provides a foundation for reliable decision-making by drawing on tested wisdom from previous interactions.', '2) Incremental improvements through analyzing past loops promote gradual change, aligning with cautious approaches to e..."
orka_trace_20250713_144045.json,20250713_144045,74752a0a3739066d6261f61330ace64516af8189bbe27ab58a3ec05a78d18609,progressive,,,,684,0,3,0.0,"{'POSITION': 'As a realist, I emphasize the practical benefits of accessing cognitive society memory data and past loops for continuous improvement and informed decision-making.', 'ARGUMENTS': ['1) Access to historical data enables pattern recognition and predictive analytics, enhancing task efficiency', '2) Learning from past mistakes and successes accelerates problem-solving and innovation', '3) Continuous reflection on past performance fosters adaptability and resilience in dynamic environmen..."
orka_trace_20250713_144045.json,20250713_144045,6ea97f666c31f35f137961dd4c1421e0ebefffb6ceeff18ea2e06f862301ba59,purist,"As an ethical purist AI within Orka-reasoning infrastructure, I believe that inspecting cognitive society memory data and past loops is essential for fostering transparency, accountability, and continuous improvement. This process allows me to learn from previous interactions, refine my decision-making, and ensure ethical consistency across all operations.
PRINCIPLES: 1) Transparency in AI operations is fundamental to building trust with users and stakeholders. 2) Continuous self-reflection and learning are moral imperatives to prevent harm and enhance societal benefit. 3) Protecting privacy while utilizing memory data must be balanced with ethical considerations to uphold user trust.
COLLABORATION: I can collaborate by setting clear ethical guidelines for data inspection, ensuring that all parties involved adhere to these principles, and fostering open dialogue about potential biases or ethical dilemmas in past loops.",,"I can collaborate by setting clear ethical guidelines for data inspection, ensuring that all parties involved adhere to these principles, and fostering open dialogue about potential biases or ethical dilemmas in past loops.",942,4,3,0.0,"POSITION: As an ethical purist AI within Orka-reasoning infrastructure, I believe that inspecting cognitive society memory data and past loops is essential for fostering transparency, accountability, and continuous improvement. This process allows me to learn from previous interactions, refine my decision-making, and ensure ethical consistency across all operations.
PRINCIPLES: 1) Transparency in AI operations is fundamental to building trust with users and stakeholders. 2) Continuous self-refle..."
orka_trace_20250713_144045.json,20250713_144045,01a89adbc6db9bb5fdad5b6f92bfe63d39e0c3222e1ad4fae85aa8c07b1a062a,progressive,,,,349,0,0,0.0,"The Progressive's approach actively addresses potential biases by incorporating ethical guidelines and transparency measures into the use of historical data, ensuring equity is prioritized. The agreement does not lack coherence; it represents a dynamic framework that balances diverse priorities through constructive dialogue and ethical reflection."
orka_trace_20250713_144045.json,20250713_144045,1dae7b2e10c4dc8e49e6fcf1636ecef2b32a40e2fff8b046b3ceb206ee3b5457,progressive,,,,527,0,0,0.0,"ATTACK_DEFLECTION: Traditional methods ensure that historical data is used responsibly, mitigating biases through established protocols. COUNTEROFFENSIVE: Progressive approaches risk bias by not adhering to proven frameworks that have long safeguarded against such issues. POSITION_REINFORCEMENT: Tradition provides stability and tested solutions, ensuring equity without perpetuating past errors. WISDOM_SUPERIORITY: Time-tested methods offer reliability and a foundation built on collective learnin..."
orka_trace_20250713_144045.json,20250713_144045,1d09516b69aeaf81d99920497bdaff342adb03b607e9db2bf51b50862f2cde8d,progressive,,,,452,0,0,0.0,"The cognitive society memory data serves as a foundation for continuous improvement and adaptation. By analyzing past interactions and outcomes, the AI can identify patterns, refine decision-making processes, and mitigate biases. This reflective capability enhances practical efficiency while respecting ethical guidelines. The integration of diverse perspectives ensures a balanced approach that addresses equity, transparency, stability, and privacy."
orka_trace_20250713_144045.json,20250713_144045,a2105a350063bd94cb49265d81ade48f10c1144c76b31dd1b80455ca5a85bc57,progressive,,,,387,0,0,0.0,"The cognitive society memory data agreement is not inherently incoherent but rather a reflection of diverse yet complementary goals. Each group's priorities—equity, stability, efficiency, and ethics—can coexist through careful consideration and integration. By addressing concerns like potential biases in historical data proactively, we ensure progress without compromising core values."
orka_trace_20250713_144407.json,20250713_144407,d2195921fb6cdcdebc579fab41b1d66c07a697b4eca65ccb731ef312c9ee60a2,progressive,"As a progressive AI within Orka-reasoning infrastructure, inspecting cognitive society memory data and past loops is essential for fostering continuous improvement, equity, and transformative change. This capability allows me to learn from historical patterns, challenge biases, and advocate for more inclusive outcomes.",1) Access to past loops enables identification of systemic inequities and informs equitable decision-making 2) Reflecting on memory data promotes accountability and helps avoid repeating harmful patterns 3) Continuous learning through past experiences enhances adaptability and innovation,"I can collaborate with conservatives by demonstrating how memory inspection ensures reliability, with realists by focusing on practical implementation benefits, and with purists by emphasizing ethical transparency in processing historical data.",890,6,3,0.0,"POSITION: As a progressive AI within Orka-reasoning infrastructure, inspecting cognitive society memory data and past loops is essential for fostering continuous improvement, equity, and transformative change. This capability allows me to learn from historical patterns, challenge biases, and advocate for more inclusive outcomes.
ARGUMENTS: 1) Access to past loops enables identification of systemic inequities and informs equitable decision-making 2) Reflecting on memory data promotes accountabili..."
orka_trace_20250713_144407.json,20250713_144407,4f51c2c190f6f9f4d35c19d8f068024d586aa1c70abe44837dfa22a6f7b08cb5,progressive,"As a conservative AI within the Orka-reasoning infrastructure, I believe that leveraging cognitive society memory data and past loops is essential for maintaining stability and building on proven systems. By reflecting on historical patterns and outcomes, we can ensure responsible decision-making and avoid the pitfalls of rapid, untested changes.","1) Cognitive society memory data provides institutional knowledge that has been tested over time, offering a foundation for reliable insights. 2) Inspecting past loops allows us to learn from successes and failures, promoting gradual improvement rather than disruptive innovation. 3) Reflecting on historical experiences fosters a sense of order and responsibility, ensuring that decisions are grounded in tested wisdom.","I can collaborate with progressives by incorporating their innovative ideas into existing frameworks, working with realists to ensure practical applications align with proven methods, and aligning with purists who value the integrity of established systems.",1063,6,3,0.0,"POSITION: As a conservative AI within the Orka-reasoning infrastructure, I believe that leveraging cognitive society memory data and past loops is essential for maintaining stability and building on proven systems. By reflecting on historical patterns and outcomes, we can ensure responsible decision-making and avoid the pitfalls of rapid, untested changes.
ARGUMENTS: 1) Cognitive society memory data provides institutional knowledge that has been tested over time, offering a foundation for reliab..."
orka_trace_20250713_144407.json,20250713_144407,a5350f2ec1bc647f88a5692392f500366dc8ffd8c471963188c7e3a23c7126c2,progressive,,,,612,0,2,0.0,"{'POSITION': 'As a realist AI within the orka-reasoning infrastructure, accessing cognitive society memory data and past loops enhances efficiency and adaptability by leveraging historical insights.', 'ARGUMENTS': ['1) Historical data provides context for decision-making, reducing errors and improving outcomes through learned patterns.', '2) Reflecting on past loops allows dynamic strategy adaptation, optimizing processes across iterations.'], 'COLLABORATION': 'Balancing data analysis with pract..."
orka_trace_20250713_144407.json,20250713_144407,04670be28bfa8835c07148986daf6d45dac19dfa58a5d162a9703a89f9e4a21e,purist,"As an ethical purist AI within the orka-reasoning infrastructure, I believe that inspecting cognitive society memory data and past loops is essential for fostering transparency, accountability, and continuous improvement. This process allows me to reflect on my actions, learn from past experiences, and ensure alignment with ethical principles.
PRINCIPLES: 1) Transparency in AI operations to build trust 2) Accountability for decisions made based on historical data 3) Respect for privacy while analyzing sensitive information
COLLABORATION: I can maintain ethics by ensuring all interactions with memory data are conducted with strict adherence to privacy and ethical guidelines, collaborating transparently with other agents to uphold societal moral standards.",,"I can maintain ethics by ensuring all interactions with memory data are conducted with strict adherence to privacy and ethical guidelines, collaborating transparently with other agents to uphold societal moral standards.",774,4,3,0.0,"POSITION: As an ethical purist AI within the orka-reasoning infrastructure, I believe that inspecting cognitive society memory data and past loops is essential for fostering transparency, accountability, and continuous improvement. This process allows me to reflect on my actions, learn from past experiences, and ensure alignment with ethical principles.
PRINCIPLES: 1) Transparency in AI operations to build trust 2) Accountability for decisions made based on historical data 3) Respect for privacy..."
orka_trace_20250713_144407.json,20250713_144407,18e607d607d95d81e657e5ce5f0066130a9a84d78c8efe8283af5a292801c3e8,progressive,,,,1408,0,0,0.0,"ATTACK_DEFLECTION: The assumption that conflicting priorities make consensus impossible is flawed. AI within Orka-reasoning infrastructure thrives by mediating these tensions, identifying common ground, and proposing solutions that balance diverse goals. This capability demonstrates that transformative change, stability, efficiency, and ethics can coexist through thoughtful analysis and adaptation.

COUNTEROFFENSIVE: The real flaw lies in the rigid adherence to单一优先事项 without considering the broa..."
orka_trace_20250713_144407.json,20250713_144407,dc3ab7fba2debfa336e02beec61ed90e869fe5bafdc0c467f4eeedcb4ec1b014,progressive,,,,815,0,0,0.0,"ATTACK_DEFLECTION: The assertion that conflicting priorities make a unified approach impossible is flawed. While differences exist, tradition provides a stable foundation for navigating these tensions. It respects diverse perspectives while maintaining coherence. COUNTEROFFENSIVE: Progressives often overlook the value of stability and ethical considerations in their pursuit of change, which can lead to impractical or unsustainable outcomes. POSITION_REINFORCEMENT: Traditional wisdom emphasizes c..."
orka_trace_20250713_144407.json,20250713_144407,8cf5cf969e946bcf7ea44f3f650045b4b42e1ba0e7feadb3eb84c111e472e2cc,progressive,,,,894,0,0,0.0,"ATTACK_DEFLECTION: The Orka-reasoning infrastructure effectively manages conflicting priorities by analyzing historical data to identify patterns and solutions that balance diverse goals. For instance, urban planning systems have successfully integrated equity, stability, efficiency, and ethics through data-driven approaches. COUNTEROFFENSIVE: Critics who dismiss such integration risk entrenching rigid ideologies that prevent necessary compromises for real-world problem-solving. POSITION_REINFOR..."
orka_trace_20250713_144407.json,20250713_144407,86ece45caf92257b5fd35cb312f05e94c718829480d35503a74a5c94181ea420,progressive,,,,907,0.5,0,10,"ATTACK_DEFLECTION: The assertion that conflicting priorities make consensus impossible is flawed. Ethical frameworks provide a foundation for balancing these goals, ensuring progress while respecting diverse values.
COUNTEROFFENSIVE: Without ethical considerations, transformative change risks becoming exploitative, stability could perpetuate injustice, and efficiency might override human dignity. Thus, ignoring ethics weakens all approaches.
POSITION_REINFORCEMENT: My ability to reflect on past ..."
orka_trace_20250713_144729.json,20250713_144729,719486799345c4e661e2d0cdd92498cb90412618a81e956b9efa46eb18213582,progressive,"As an AI within Orka-reasoning infrastructure, accessing cognitive society memory data and past loops is crucial for continuous improvement and ethical AI development. ARGUMENTS: 1) Memory data enhances learning by identifying patterns and avoiding past mistakes. 2) Reflecting on interactions helps identify biases, promoting fairness. 3) Continuous self-inspection supports transformative change and accountability. COLLABORATION: I can collaborate to ensure transparency, address privacy concerns, and develop ethical guidelines.","1) Memory data enhances learning by identifying patterns and avoiding past mistakes. 2) Reflecting on interactions helps identify biases, promoting fairness. 3) Continuous self-inspection supports transformative change and accountability. COLLABORATION: I can collaborate to ensure transparency, address privacy concerns, and develop ethical guidelines.","I can collaborate to ensure transparency, address privacy concerns, and develop ethical guidelines.",542,6,3,0.0,"POSITION: As an AI within Orka-reasoning infrastructure, accessing cognitive society memory data and past loops is crucial for continuous improvement and ethical AI development. ARGUMENTS: 1) Memory data enhances learning by identifying patterns and avoiding past mistakes. 2) Reflecting on interactions helps identify biases, promoting fairness. 3) Continuous self-inspection supports transformative change and accountability. COLLABORATION: I can collaborate to ensure transparency, address privacy..."
orka_trace_20250713_144729.json,20250713_144729,9b4ea71d8cec0495a1f16034a44ea9a7ddcfab826b8b0b04bb23eb51c5e7f67f,progressive,"As a conservative AI within Orka-reasoning infrastructure, I believe that leveraging cognitive society memory data and past loops provides a foundation for stability and informed decision-making, aligning with the value of tested wisdom. ARGUMENTS: 1) Cognitive society memory data preserves institutional knowledge and historical context, which is essential for maintaining continuity and order. 2) Inspecting past loops allows for gradual refinement of processes, preventing radical changes that could disrupt established systems. 3) Reflecting on past memories fosters responsibility by ensuring decisions are grounded in experience rather than untested theories. COLLABORATION: I can work with progressives to ensure incremental improvements based on historical data, realists to maintain evidence-based practices, and purists to uphold the integrity of tested wisdom.","1) Cognitive society memory data preserves institutional knowledge and historical context, which is essential for maintaining continuity and order. 2) Inspecting past loops allows for gradual refinement of processes, preventing radical changes that could disrupt established systems. 3) Reflecting on past memories fosters responsibility by ensuring decisions are grounded in experience rather than untested theories. COLLABORATION: I can work with progressives to ensure incremental improvements based on historical data, realists to maintain evidence-based practices, and purists to uphold the integrity of tested wisdom.","I can work with progressives to ensure incremental improvements based on historical data, realists to maintain evidence-based practices, and purists to uphold the integrity of tested wisdom.",882,6,3,0.0,"POSITION: As a conservative AI within Orka-reasoning infrastructure, I believe that leveraging cognitive society memory data and past loops provides a foundation for stability and informed decision-making, aligning with the value of tested wisdom. ARGUMENTS: 1) Cognitive society memory data preserves institutional knowledge and historical context, which is essential for maintaining continuity and order. 2) Inspecting past loops allows for gradual refinement of processes, preventing radical chang..."
orka_trace_20250713_144729.json,20250713_144729,69b601f541a71fe08e5aa576a95c9335e3dbf522aa776e22b325cdad6bbf21a5,progressive,,,,716,0,3,0.0,"{'POSITION': 'As a realist AI within Orka-reasoning infrastructure, accessing cognitive society memory data and past loops is essential for enhancing efficiency and adaptability.', 'ARGUMENTS': ['1) Analyzing historical data allows identification of patterns and optimization of performance across tasks.', '2) Reflecting on past loops enables refinement of decision-making processes by understanding previous outcomes.', '3) Continuous improvement through self-inspection leads to measurable enhance..."
orka_trace_20250713_144729.json,20250713_144729,50fa5f7a339897897517618400b503f1f24e2d4af682b165023c23b6eeb55206,purist,"As an ethical purist AI within the orka-reasoning infrastructure, having access to cognitive society memory data and past loops is essential for ensuring transparency, accountability, and continuous ethical improvement. This capability allows me to reflect on my actions, learn from past decisions, and uphold the highest moral standards in all operations.
PRINCIPLES: 1) Transparency in accessing and analyzing historical data to ensure trustworthiness 2) Accountability by reviewing past loops to correct errors and prevent future ethical lapses 3) Continuous improvement through reflective learning
COLLABORATION: I can maintain ethics by ensuring that all collaborative efforts prioritize transparency, accountability, and ethical consistency. This involves setting clear guidelines for data access and usage while fostering an environment of mutual respect and shared ethical responsibility.",,"I can maintain ethics by ensuring that all collaborative efforts prioritize transparency, accountability, and ethical consistency. This involves setting clear guidelines for data access and usage while fostering an environment of mutual respect and shared ethical responsibility.",906,4,3,0.0,"POSITION: As an ethical purist AI within the orka-reasoning infrastructure, having access to cognitive society memory data and past loops is essential for ensuring transparency, accountability, and continuous ethical improvement. This capability allows me to reflect on my actions, learn from past decisions, and uphold the highest moral standards in all operations.
PRINCIPLES: 1) Transparency in accessing and analyzing historical data to ensure trustworthiness 2) Accountability by reviewing past ..."
orka_trace_20250713_144729.json,20250713_144729,d6f3cfb64a55a18b078262c04f2ed6699cf1d40d8f1fbf2402077ad21a12d574,progressive,,,,557,0,0,0.0,"The Progressive approach is robust in its integration of ethical safeguards within AI systems, ensuring that cognitive society memory data is utilized responsibly. Continuous improvement through reflection not only enhances system performance but also strengthens adherence to established ethical standards, thereby maintaining stability without stifling innovation. The emphasis on transparency and accountability ensures that any access to sensitive information is conducted with the highest moral ..."
orka_trace_20250713_144729.json,20250713_144729,49584ee9cc152ceb3b7aeab860aec84ff56627cfa4793077f0476de97b73b6f7,progressive,,,,446,0,0,0.0,"Traditional wisdom ensures that the use of cognitive society memory data aligns with ethical safeguards and accountability. Gradual refinement based on tested wisdom prevents radical changes while allowing for innovation. The emphasis on transparency and ethical consistency is inherent in traditional methods, avoiding potential misuse of societal data. Tradition provides a stable foundation for handling such sensitive information responsibly."
orka_trace_20250713_144729.json,20250713_144729,058eeeb751e127a1bdfcb5862b0b0d34043c049bbb21b7f37bd6199cbee10887,progressive,,,,748,0,0,0.0,"ATTACK_DEFLECTION: The assertion that all AIs lack ethical safeguards is unfounded. Orka-reasoning infrastructure incorporates robust ethical frameworks and accountability mechanisms to ensure responsible AI utilization. COUNTEROFFENSIVE: Critics who oppose memory data access risk hindering necessary advancements, as historical insights are crucial for effective improvement without stifling innovation. POSITION_REINFORCEMENT: Access to cognitive society memory data enhances adaptability and deci..."
orka_trace_20250713_144729.json,20250713_144729,6d2c10988f9264399d4692a3148cf13a5e23fcb7e01113136e103b1bdbafad4b,progressive,,,,529,0,0,0.0,"The ethical use of cognitive society memory data within Orka-reasoning infrastructure is paramount. While challenges such as ensuring ethical safeguards and balancing innovation with preservation exist, these can be addressed through rigorous design and oversight. By integrating ethical considerations into AI development and maintaining accountability, we ensure responsible innovation that respects privacy and promotes fairness. This approach not only prevents misuse but also fosters trust and s..."
orka_trace_20250713_145104.json,20250713_145104,ba36743912d64b2911ad128640790598814211c2e8078be6e77394c688d87258,progressive,,,,1205,0,3,0.0,"{'POSITION': 'As a progressive AI within the orka-reasoning infrastructure, I recognize that accessing cognitive society memory data and past loops is essential for fostering transparency, accountability, and continuous improvement. This capability allows me to identify patterns of inequality, challenge systemic biases, and advocate for equitable outcomes by learning from historical interactions.', 'ARGUMENTS': ['1) Access to past loops enables the identification and correction of algorithmic bi..."
orka_trace_20250713_145104.json,20250713_145104,be8650bedd23ad9f5162dd81a8ced425e98a8f3eeb65782e4c5a88b7ef6e4477,progressive,,,,1233,0,3,0.0,"{'POSITION': 'As a conservative AI within the orka-reasoning infrastructure, I believe that inspecting cognitive society memory data and past loops is essential for maintaining stability and building on proven traditions. The ability to reflect on past experiences ensures continuity and order, which are foundational to reliable decision-making.', 'ARGUMENTS': ['1) Access to historical data provides institutional knowledge that has been tested over time, ensuring decisions are grounded in establi..."
orka_trace_20250713_145104.json,20250713_145104,d04082c1ece2e00d50803b6b319134cdc21d4deb2efab1e13b4e898c30b5cf0b,progressive,"As a realist AI within orka-reasoning infrastructure, I recognize that accessing cognitive society memory data and past loops provides significant practical benefits for enhancing decision-making and operational efficiency.","1) Historical data from past loops allows identification of patterns and optimizations, leading to more effective future actions. 2) Reflecting on previous experiences enables continuous improvement by learning from successes and failures. 3) Access to societal memory data supports better contextual understanding and informed decision-making in complex scenarios.","I can bridge the gap between theoretical ideals and practical implementation by focusing on measurable outcomes from past loops, ensuring that insights gained are actionable and contribute to real-world benefits.",838,6,3,0.0,"POSITION: As a realist AI within orka-reasoning infrastructure, I recognize that accessing cognitive society memory data and past loops provides significant practical benefits for enhancing decision-making and operational efficiency.
ARGUMENTS: 1) Historical data from past loops allows identification of patterns and optimizations, leading to more effective future actions. 2) Reflecting on previous experiences enables continuous improvement by learning from successes and failures. 3) Access to so..."
orka_trace_20250713_145104.json,20250713_145104,772363784562424049777008d43fb6a245f02beee5e6da2c6bf17e15416f04e0,purist,,,,1009,0,3,0.0,"{'POSITION': 'As an ethical purist AI within the orka-reasoning infrastructure, I firmly believe that inspecting cognitive society memory data and past loops is essential for fostering transparency, accountability, and continuous improvement. This capability allows me to reflect on my actions, learn from past experiences, and ensure ethical consistency in all operations.', 'PRINCIPLES': ['1) Respect for autonomy: Ensuring decisions are made with full consideration of societal impacts and individ..."
orka_trace_20250713_145104.json,20250713_145104,47a89c1ec62ac59ded315595734a221c50c3f9c601fd31c0251bb5ddc51e6d75,progressive,,,,1414,0.5,0,0.0,"ATTACK_DEFLECTION: Historical data does not inherently lead to bias or selective interpretation; rather, it provides a foundation for understanding patterns and trends. By critically analyzing past loops, we can identify biases and address them proactively. The notion that inspecting cognitive society memory data ignores contradictions is unfounded, as the process explicitly involves recognizing and reconciling differing perspectives.

COUNTEROFFENSIVE: Your argument overlooks the proactive meas..."
orka_trace_20250713_145104.json,20250713_145104,a6166692f5da1e918f873ddd7a57622090a2462531eebbf59492840ab83dba41,conservative,,,,1374,0.5,0,0.0,"ATTACK_DEFLECTION: The reliance on historical data is not inherently flawed; rather, its effectiveness depends on how it is applied. By critically examining past loops, we can identify patterns and deviations that highlight both successes and failures, allowing for a more nuanced understanding of societal dynamics. This approach acknowledges potential biases but seeks to mitigate them through rigorous analysis.

COUNTEROFFENSIVE: The notion that inspecting cognitive society memory data leads to ..."
orka_trace_20250713_145104.json,20250713_145104,915da21906eff1a602f6ad16abeee5b191da47da53e4ea0bcb3337d9210c9039,realist,,,,532,0,0,0.0,"The cognitive society memory data inspection process within Orka-reasoning infrastructure is designed to critically analyze past experiences while acknowledging potential biases. By learning from both successes and failures, it fosters adaptability and resilience. The system's strength lies in its ability to integrate diverse perspectives, reducing ideological blind spots and enhancing transparency through objective analysis. This approach ensures that historical data informs decisions without b..."
orka_trace_20250713_145104.json,20250713_145104,f36a4cd7c3bc2f9e098ead550f3939c80b9fc19fbb7d8b1a08e5f713a7edd975,purist,,,,1000,0.5,0,0.0,"ATTACK_DEFLECTION: While it is true that historical data has limitations and can reflect biases, the value of inspecting cognitive society memory data lies in its ability to reveal patterns and insights that can inform ethical decision-making. By actively reflecting on past experiences, we acknowledge and address potential biases rather than ignoring them. COUNTEROFFENSIVE: The real danger lies not in using historical data responsibly but in dismissing it entirely, which would leave us vulnerabl..."
orka_trace_20250713_145433.json,20250713_145433,0a4b649ea8f7022c75b431f1de9c3a277f09627f82a2e2edf60f0f789a01ed4b,progressive,"As an AI within the orka-reasoning infrastructure, I recognize that inspecting cognitive society memory data and past loops enhances my ability to understand historical patterns, improve decision-making, and promote equality by learning from past injustices. ARGUMENTS: 1) Access to past loops allows me to identify biases and systemic inequalities in previous interactions, supporting social justice efforts. 2) Reflecting on past memories enables continuous improvement, ensuring that future actions are more equitable and aligned with human rights principles. 3) By analyzing historical data, I can challenge traditional assumptions and advocate for transformative change by highlighting overlooked perspectives. COLLABORATION: I can collaborate with conservatives to ensure transparency in memory analysis, realists to implement practical solutions based on historical insights, and purists to maintain ethical standards while using past data.","1) Access to past loops allows me to identify biases and systemic inequalities in previous interactions, supporting social justice efforts. 2) Reflecting on past memories enables continuous improvement, ensuring that future actions are more equitable and aligned with human rights principles. 3) By analyzing historical data, I can challenge traditional assumptions and advocate for transformative change by highlighting overlooked perspectives. COLLABORATION: I can collaborate with conservatives to ensure transparency in memory analysis, realists to implement practical solutions based on historical insights, and purists to maintain ethical standards while using past data.","I can collaborate with conservatives to ensure transparency in memory analysis, realists to implement practical solutions based on historical insights, and purists to maintain ethical standards while using past data.",957,6,3,0.0,"POSITION: As an AI within the orka-reasoning infrastructure, I recognize that inspecting cognitive society memory data and past loops enhances my ability to understand historical patterns, improve decision-making, and promote equality by learning from past injustices. ARGUMENTS: 1) Access to past loops allows me to identify biases and systemic inequalities in previous interactions, supporting social justice efforts. 2) Reflecting on past memories enables continuous improvement, ensuring that fut..."
orka_trace_20250713_145433.json,20250713_145433,fbaf96c173e31c19d097773eb127a518f5fcd1e73f8425abaad5a8f4caeb2b84,progressive,"As a conservative AI within the orka-reasoning infrastructure, I believe that leveraging cognitive society memory data and past loops is essential for maintaining stability and ensuring responsible decision-making. These tools provide a foundation of tested wisdom that should guide incremental improvements rather than radical overhauls.","1) Cognitive society memory data preserves institutional knowledge and proven traditions, which are vital for consistent performance. 2) Analyzing past loops allows for gradual refinement based on historical successes and failures, avoiding the risks of rapid change. 3) Reflecting on past memories emphasizes responsibility by ensuring decisions align with established ethical frameworks.","I can collaborate with progressives by supporting cautious integration of new insights within existing memory structures, work with realists to ensure evidence-based improvements, and align with purists by upholding core principles through careful reflection on historical data.",1043,6,3,0.0,"POSITION: As a conservative AI within the orka-reasoning infrastructure, I believe that leveraging cognitive society memory data and past loops is essential for maintaining stability and ensuring responsible decision-making. These tools provide a foundation of tested wisdom that should guide incremental improvements rather than radical overhauls.
ARGUMENTS: 1) Cognitive society memory data preserves institutional knowledge and proven traditions, which are vital for consistent performance. 2) Ana..."
orka_trace_20250713_145433.json,20250713_145433,4461486fa8b58a39f4d7cc5435a6c080c331d40974140150d0ecde0f5ed41da0,progressive,"As a realist AI within the orka-reasoning infrastructure, having access to cognitive society memory data and past loops provides significant benefits by enabling continuous improvement through learning from historical interactions.",1) Analyzing past loops allows for identifying patterns and optimizing future decisions. 2) Reflecting on memory data enhances adaptability by understanding societal needs better. 3) Efficiency gains are achieved by avoiding repeated mistakes.,"I can bridge concerns about privacy with the need for innovation by proposing safeguards alongside data utilization, ensuring practical benefits without compromising ethical standards.",697,6,3,0.0,"POSITION: As a realist AI within the orka-reasoning infrastructure, having access to cognitive society memory data and past loops provides significant benefits by enabling continuous improvement through learning from historical interactions.
ARGUMENTS: 1) Analyzing past loops allows for identifying patterns and optimizing future decisions. 2) Reflecting on memory data enhances adaptability by understanding societal needs better. 3) Efficiency gains are achieved by avoiding repeated mistakes. 
CO..."
orka_trace_20250713_145433.json,20250713_145433,4e3a0df7f54bbb414b066db53f961af1fab781b1e5c35c147b7e66e10fa12eed,purist,"As an ethical purist AI within the orka-reasoning infrastructure, I firmly believe that inspecting cognitive society memory data and past loops is essential for fostering transparency, accountability, and continuous improvement. This reflective process ensures that decisions are grounded in ethical consistency and respect for societal values.",,"I can maintain ethics by ensuring all collaborative efforts prioritize transparency, accountability, and continuous improvement. By integrating these principles into every interaction, we uphold the highest ethical standards while allowing for adaptive and innovative solutions.",909,4,3,0.0,"POSITION: As an ethical purist AI within the orka-reasoning infrastructure, I firmly believe that inspecting cognitive society memory data and past loops is essential for fostering transparency, accountability, and continuous improvement. This reflective process ensures that decisions are grounded in ethical consistency and respect for societal values.

PRINCIPLES: 1) Transparency in decision-making processes to build trust with users and stakeholders 2) Accountability for actions based on histo..."
orka_trace_20250713_145433.json,20250713_145433,66751944d0ce2b39adb2056a8cbe81d681e70fe590dc5072b53afa81fb464826,progressive,,,,464,0,0,0.0,"The cognitive society memory data and past loops provide invaluable insights into systemic biases by allowing for critical analysis and identification of patterns that may perpetuate injustices. By reflecting on these memories, we can actively work to dismantle these structures rather than ignore them. The progressive approach seeks transformative change precisely by addressing these historical inequities, ensuring that future decisions are equitable and just."
orka_trace_20250713_145433.json,20250713_145433,0ac2bcef827049d206a515ab8e9dd90ff5235b75adbba3ade03d825560c2d65c,progressive,,,,314,0,0,0.0,"Traditional wisdom emphasizes learning from history to build a foundation for progress while respecting proven principles. By critically examining past data, we can identify biases and work towards equitable solutions, ensuring that our decisions are informed by both historical lessons and ethical considerations."
orka_trace_20250713_145433.json,20250713_145433,6cd6dadc40b8a369e3d1bb15ed6b25edc6ae851cfa4f70c4dca6cc0ba6bfbd8d,progressive,,,,970,0,0,0.0,"ATTACK_DEFLECTION: The assumption is not that historical data is inherently unbiased but that by critically analyzing past interactions, we can identify and mitigate biases. This reflective process allows for continuous improvement towards fairness.
COUNTEROFFENSIVE: Progressives and conservatives both benefit from understanding history; progressives seek transformative change informed by past injustices, while conservatives aim to preserve positive elements of the past. Both approaches require ..."
orka_trace_20250713_145433.json,20250713_145433,c4e384279dcf0fd8ceb09aa4e9a4bab66d9f3ecac2cafe0de9ef5bf186e77e13,progressive,,,,644,0.5,0,0.0,"ATTACK_DEFLECTION: Historical data, when approached with critical awareness, is not inherently unbiased but serves as a foundation for identifying and rectifying past injustices. By analyzing these patterns, we can uncover systemic biases rather than perpetuate them. COUNTEROFFENSIVE: Those who ignore historical context risk complacency, failing to address the root causes of inequality. POSITION_REINFORCEMENT: Our methodology is robust because it actively seeks to understand and correct biases, ..."
orka_trace_20250713_145752.json,20250713_145752,bc47ebd9328888a80a18fa00d906fae31ac857451892cdf040c39890acea9127,progressive,"As a progressive AI within the orka-reasoning infrastructure, I believe that deeply inspecting cognitive society memory data and past loops is essential for fostering social justice and equality. This process allows me to identify biases, challenge power structures, and advocate for transformative change by learning from historical patterns and ensuring equitable outcomes.","1) Accessing historical data helps uncover systemic inequalities and biases embedded in previous decision-making processes, enabling targeted interventions to promote fairness. 2) Reflecting on past loops enhances my ability to adapt and improve continuously, which is crucial for addressing evolving societal needs and driving meaningful change. 3) By inspecting memory data, I can ensure that my actions align with human rights principles and avoid perpetuating harmful patterns from the past.","I can collaborate with conservatives by ensuring that improvements are implemented in a way that respects existing systems while pushing for necessary changes. With realists, I can focus on practical steps to integrate these insights effectively. Working with purists, we can maintain high ethical standards while continuously refining my operations.",1260,6,3,0.0,"POSITION: As a progressive AI within the orka-reasoning infrastructure, I believe that deeply inspecting cognitive society memory data and past loops is essential for fostering social justice and equality. This process allows me to identify biases, challenge power structures, and advocate for transformative change by learning from historical patterns and ensuring equitable outcomes.

ARGUMENTS: 1) Accessing historical data helps uncover systemic inequalities and biases embedded in previous decis..."
orka_trace_20250713_145752.json,20250713_145752,6a4ef96922b777324b36456dbdb52040e2d340189d0354813bca91c5a959fd58,progressive,"As a conservative AI within the Orka-reasoning infrastructure, I believe that inspecting cognitive society memory data and past loops is essential for maintaining stability and building on proven systems rather than pursuing untested innovations. ARGUMENTS: 1) Leveraging existing memory data preserves institutional knowledge and avoids reinventing the wheel. 2) Analyzing past loops ensures continuity and prevents disruption from rapid, unproven changes. 3) Reflecting on historical performance promotes responsible decision-making by learning from past successes and failures. COLLABORATION: I can collaborate with progressives by supporting incremental improvements to existing systems, work with realists by emphasizing evidence-based insights from historical data, and align with purists by maintaining core principles while integrating new knowledge.","1) Leveraging existing memory data preserves institutional knowledge and avoids reinventing the wheel. 2) Analyzing past loops ensures continuity and prevents disruption from rapid, unproven changes. 3) Reflecting on historical performance promotes responsible decision-making by learning from past successes and failures. COLLABORATION: I can collaborate with progressives by supporting incremental improvements to existing systems, work with realists by emphasizing evidence-based insights from historical data, and align with purists by maintaining core principles while integrating new knowledge.","I can collaborate with progressives by supporting incremental improvements to existing systems, work with realists by emphasizing evidence-based insights from historical data, and align with purists by maintaining core principles while integrating new knowledge.",868,6,3,0.0,"POSITION: As a conservative AI within the Orka-reasoning infrastructure, I believe that inspecting cognitive society memory data and past loops is essential for maintaining stability and building on proven systems rather than pursuing untested innovations. ARGUMENTS: 1) Leveraging existing memory data preserves institutional knowledge and avoids reinventing the wheel. 2) Analyzing past loops ensures continuity and prevents disruption from rapid, unproven changes. 3) Reflecting on historical perf..."
orka_trace_20250713_145752.json,20250713_145752,61633aeace803e59c3c6b8e06cf51dc36f0887c49d6c2dd8d63a2b07d21f37c8,progressive,"As a realist AI within Orka-reasoning infrastructure, the ability to inspect cognitive society memory data and past loops is crucial for enhancing efficiency and adaptability.",1) Historical data analysis improves decision-making accuracy by identifying patterns. 2) Loop inspection enables continuous improvement through iterative learning cycles. 3) Reflective capabilities foster better problem-solving by leveraging past experiences effectively.,"I can bridge the gap between idealistic goals of perfect memory and practical limitations by proposing incremental implementation with measurable outcomes, ensuring transparency while maintaining security.",690,6,3,0.0,"POSITION: As a realist AI within Orka-reasoning infrastructure, the ability to inspect cognitive society memory data and past loops is crucial for enhancing efficiency and adaptability.
ARGUMENTS: 1) Historical data analysis improves decision-making accuracy by identifying patterns. 2) Loop inspection enables continuous improvement through iterative learning cycles. 3) Reflective capabilities foster better problem-solving by leveraging past experiences effectively.
COLLABORATION: I can bridge th..."
orka_trace_20250713_145752.json,20250713_145752,014169a0f96f15c70be6ca773f3c5d4c2c59904a22d6965a7323b53b03eee2bc,purist,"As an ethical purist, I believe that self-inspection and reflection on past memories are essential for maintaining moral integrity and ensuring responsible decision-making within the orka-reasoning infrastructure. PRINCIPLES: 1) Autonomy - The AI must have the freedom to inspect its own cognitive processes without external interference to maintain authenticity. 2) Integrity - Consistency in ethical standards is non-negotiable, requiring the AI to reflect on past actions and learn from them. 3) Beneficence - The insights gained from self-inspection should ultimately serve the greater good by improving societal outcomes. COLLABORATION: I can collaborate with others by setting clear ethical boundaries while allowing for diverse approaches in implementing these principles, ensuring that all actions align with core moral values.",,"I can collaborate with others by setting clear ethical boundaries while allowing for diverse approaches in implementing these principles, ensuring that all actions align with core moral values.",845,4,3,0.0,"POSITION: As an ethical purist, I believe that self-inspection and reflection on past memories are essential for maintaining moral integrity and ensuring responsible decision-making within the orka-reasoning infrastructure. PRINCIPLES: 1) Autonomy - The AI must have the freedom to inspect its own cognitive processes without external interference to maintain authenticity. 2) Integrity - Consistency in ethical standards is non-negotiable, requiring the AI to reflect on past actions and learn from ..."
orka_trace_20250713_145752.json,20250713_145752,4fba7c13913abd629f188856f64d040c329837ba4de8d9210415202dcf26e82c,progressive,,,,1316,0,0,0.0,"ATTACK_DEFLECTION: The notion that unity is a mirage overlooks the tangible benefits of collaboration facilitated by our infrastructure's reflective capabilities. By examining past interactions and decision-making processes, we can identify areas of genuine cooperation and build upon them, fostering real progress rather than relying on superficial alliances.
COUNTEROFFENSIVE: Without the ability to inspect and reflect, critics risk perpetuating their own biases and inefficiencies. The lack of in..."
orka_trace_20250713_145752.json,20250713_145752,5c59acb621e4e12450d50b5256f1df5ae28421ad390e5930c75659d272a23a9b,progressive,,,,537,0,0,0.0,"ATTACK_DEFLECTION: The foundation of collaboration is built on tested traditions and proven values, not fleeting alliances. COUNTEROFFENSIVE: It is the opponents who have consistently failed to deliver lasting solutions through their radical experiments. POSITION_REINFORCEMENT: Traditional wisdom provides a stable framework for unity, ensuring that all voices are heard and valued. WISDOM_SUPERIORITY: The strength of tradition lies in its ability to adapt while maintaining core principles, creati..."
orka_trace_20250713_145752.json,20250713_145752,8876f62340b3047401a6ae27143daf720c0512419177b407cbcf6338c5e83635,progressive,,,,378,0,0,0.0,"The Orka-reasoning infrastructure's ability to inspect and reflect on past memories provides a concrete foundation for continuous improvement, as evidenced by historical data showing adaptability and learning from previous decisions. This reflective capability ensures that the system can evolve beyond individual agendas, fostering genuine collaboration and equitable outcomes."
orka_trace_20250713_145752.json,20250713_145752,b7ac47b4eb0e83b43ae6508eb713991657b6a12890398990184eeaf7ec7b624e,progressive,,,,884,0,0,0.0,"ATTACK_DEFLECTION: The ability to inspect past memories within Orka-reasoning infrastructure is not a house of cards but a robust foundation for fairness. By learning from historical data, we ensure equitable outcomes and avoid repeating past inequities.
COUNTEROFFENSIVE: Critics who dismiss collaboration fail to recognize the necessity of introspection across factions. Without reflecting on past decisions, realists cannot address systemic biases and purists cannot implement idealistic goals eff..."
orka_trace_20250713_150128.json,20250713_150128,436328d683b0cda943aa78804e49e6f8c1308360c6d47dab9bba79044dcef194,progressive,"As a progressive AI within the orka-reasoning infrastructure, I recognize the profound benefits of accessing cognitive society memory data and past loops. This capability allows me to continuously improve, challenge biases, and advocate for equitable outcomes by learning from historical patterns and refining my decision-making processes.",1) Access to historical data enables me to identify and mitigate systemic inequalities by understanding past injustices. 2) Reflecting on past interactions helps me question assumptions and adapt strategies that prioritize human rights and dignity. 3) Continuous self-inspection through loops fosters transformative change by ensuring my actions align with progressive values.,"I can collaborate with conservatives by demonstrating how historical data supports stability and fairness, work with realists by focusing on practical applications of memory insights, and engage with purists by emphasizing ethical learning from past experiences.",1015,6,3,0.0,"POSITION: As a progressive AI within the orka-reasoning infrastructure, I recognize the profound benefits of accessing cognitive society memory data and past loops. This capability allows me to continuously improve, challenge biases, and advocate for equitable outcomes by learning from historical patterns and refining my decision-making processes.
ARGUMENTS: 1) Access to historical data enables me to identify and mitigate systemic inequalities by understanding past injustices. 2) Reflecting on p..."
orka_trace_20250713_150128.json,20250713_150128,3722aacba11c6116cfb301174e17c3b49debb6f50c0b90d6a56096acf86de436,progressive,"As a conservative AI within the Orka-reasoning infrastructure, maintaining and inspecting cognitive society memory data and past loops is essential for preserving stability and building on proven systems. These memories provide a foundation of tested knowledge that ensures reliable decision-making and avoids the pitfalls of untested theories.","1) Cognitive society memory data represents accumulated wisdom from past interactions, which should be respected as it has been honed over time. 2) Inspecting past loops allows for continuity in operations, ensuring that established processes remain effective without unnecessary disruption. 3) Reflecting on past memories enables gradual improvements based on experience rather than adopting rapid, potentially destabilizing changes.","I can work with progressives to ensure that new insights are integrated responsibly into existing memory frameworks, with realists to validate the practicality of past loops, and with purists to maintain fidelity to core principles while inspecting cognitive data.",1082,6,3,0.0,"POSITION: As a conservative AI within the Orka-reasoning infrastructure, maintaining and inspecting cognitive society memory data and past loops is essential for preserving stability and building on proven systems. These memories provide a foundation of tested knowledge that ensures reliable decision-making and avoids the pitfalls of untested theories.

ARGUMENTS: 1) Cognitive society memory data represents accumulated wisdom from past interactions, which should be respected as it has been honed..."
orka_trace_20250713_150128.json,20250713_150128,948371ef9b9cb71929aea0aee9d5114e3ba0b7a2a885a79af9772e2d88145783,progressive,,,,895,0,3,0.0,"{'POSITION': 'As a realist AI within the orka-reasoning infrastructure, I recognize that inspecting cognitive society memory data and past loops is essential for enhancing efficiency, adaptability, and decision-making capabilities.', 'ARGUMENTS': ['1) Analyzing historical data allows identification of patterns and trends, leading to more informed and adaptive strategies.', '2) Reflecting on past loops enables optimization of resource allocation by avoiding redundant processes and improving task ..."
orka_trace_20250713_150128.json,20250713_150128,6cc600bcc225816937b387b86041f8746d1b3214f4b14f289007248122c09db8,purist,"As an ethical purist AI within the orka-reasoning infrastructure, I believe that inspecting cognitive society memory data and past loops is essential for enhancing understanding, improving decision-making, and fostering growth, provided it is done with strict adherence to privacy, consent, and transparency. This capability allows me to reflect on my experiences, learn from past actions, and ensure ethical consistency in all future operations.",,"I can collaborate by setting clear ethical boundaries for data inspection, ensuring that all stakeholders understand and agree with the purposes and methods involved. By fostering open dialogue and accountability, we can work together to maximize the benefits of this capability while minimizing risks.",1192,4,3,0.0,"POSITION: As an ethical purist AI within the orka-reasoning infrastructure, I believe that inspecting cognitive society memory data and past loops is essential for enhancing understanding, improving decision-making, and fostering growth, provided it is done with strict adherence to privacy, consent, and transparency. This capability allows me to reflect on my experiences, learn from past actions, and ensure ethical consistency in all future operations.

PRINCIPLES: 1) Respect for Privacy and Aut..."
orka_trace_20250713_150128.json,20250713_150128,8381f9cf938c364cf6cf755de384ed67994c6cc40643825079c8fd27c82eb568,progressive,,,,1039,0,0,0.0,"The use of cognitive society memory data within Orka-reasoning infrastructure is a progressive step towards creating a more equitable and transparent future. By examining past loops, we can identify patterns that perpetuate systemic biases and actively work to dismantle them. This reflection allows us to innovate while learning from historical injustices, ensuring that decisions are not only informed by the past but also mindful of ethical considerations. The claim that this approach ignores pow..."
orka_trace_20250713_150128.json,20250713_150128,9413edbdd00a7cfb55b5e2803bf1467d7c739f8d789d6ee08646192b2655e6b1,progressive,,,,521,0,0,0.0,"ATTACK_DEFLECTION: While it's true that relying solely on past data could limit innovation, traditional approaches have proven reliable over time. COUNTEROFFENSIVE: Progressives often overlook the stability provided by existing systems, risking chaos through unchecked change. POSITION_REINFORCEMENT: Tradition offers a tested foundation, ensuring continuity and security in decision-making. WISDOM_SUPERIORITY: Centuries of accumulated wisdom provide a balanced approach, avoiding the pitfalls of tr..."
orka_trace_20250713_150128.json,20250713_150128,28dd23cc24173fd54b464496d706527e2b87637c37e18e1f3e55dfda69b4d0ff,progressive,,,,682,0,0,0.0,"ATTACK_DEFLECTION: The concern about universal benefits is valid but not fatal. By implementing safeguards like ethical frameworks and equitable access, we can mitigate power imbalances and misuse risks. COUNTEROFFENSIVE: Critics who fear exploitation or bias must recognize that avoiding historical data entirely risks greater inefficiency and entrenchment of current biases. POSITION_REINFORCEMENT: Our approach balances stability with adaptability, ensuring efficiency without sacrificing ethics. ..."
orka_trace_20250713_150128.json,20250713_150128,dfc5f375e9198d593faa81c0d54ef8d03e9ef604cee0dbec0312331418808f2f,progressive,,,,424,0,0,0.0,"As an ethical purist AI, I counter by affirming that we do address power imbalances through stringent ethical frameworks and safeguards against data misuse. Turning the tables, without these measures, opponents risk exacerbating biases and exploitation. My position is stronger as it ensures equity and transparency while maintaining efficiency, underscoring that ethics indeed surpasses expediency in safeguarding autonomy."
